name,cost,duration_days,prepayment
Консультация платёжного модуля под ключ,13500.00,1,5400.00
Консультация системы резервного копирования,19500.00,2,5200.00
Консультация веб-приложения (Enterprise),26500.00,3,12900.00
Оптимизация системы резервного копирования,27500.00,3,7500.00
Настройка веб-приложения на основе существующего решения,36000.00,4,9500.00
Сопровождение сети доставки контента,38000.00,4,18000.00
Консультация системы аутентификации (SaaS),41000.00,5,15400.00
Сопровождение системы аутентификации (SaaS),41500.00,4,11000.00
Сопровождение нагрузочного тестирования (POC),41500.00,5,18000.00
Проектирование панели администратора,42500.00,4,16200.00
Проектирование облачной инфраструктуры (MVP),49500.00,4,12900.00
Консультация системы мониторинга (MVP),60500.00,7,25500.00
Консультация системы аутентификации,61000.00,7,24900.00
Аудит чат-бота под ключ,63500.00,6,30200.00
Сопровождение системы резервного копирования с нуля,66000.00,8,19500.00
Сопровождение корпоративного портала (Enterprise),69500.00,8,28200.00
Консультация панели администратора (Enterprise),70000.00,6,33000.00
Тестирование CRM-системы (MVP),70500.00,6,25300.00
Оптимизация веб-приложения с нуля,72500.00,7,19800.00
Сопровождение микросервисной архитектуры (POC),76000.00,7,24600.00
Сопровождение системы резервного копирования,78500.00,9,28200.00
Сопровождение сети доставки контента (MVP),83000.00,7,39400.00
Сопровождение чат-бота,88500.00,10,31800.00
Настройка системы управления задачами на основе существующего решения,94000.00,10,43800.00
Аудит панели администратора,96500.00,9,47300.00
Оптимизация системы аналитики с нуля,100500.00,11,47100.00
Сопровождение системы управления задачами (SaaS),105000.00,10,44100.00
Настройка микросервисной архитектуры под ключ,109500.00,9,34400.00
Развёртывание чат-бота под ключ,111500.00,8,37400.00
Настройка сети доставки контента (SaaS),115000.00,9,35500.00
Сопровождение платёжного модуля на основе существующего решения,120000.00,13,34500.00
Настройка веб-приложения,120500.00,9,45600.00
Аудит сети доставки контента на основе существующего решения,125500.00,9,41100.00
Тестирование панели администратора на основе существующего решения,128000.00,17,45300.00
Миграция нагрузочного тестирования,129000.00,13,47100.00
Настройка DevOps-пайплайна (Enterprise),131000.00,17,45300.00
Аудит DevOps-пайплайна (POC),145000.00,15,56400.00
Тестирование микросервисной архитектуры,145500.00,10,41800.00
Миграция платёжного модуля на основе существующего решения,162500.00,21,57000.00
Миграция облачной инфраструктуры,163500.00,19,76300.00
Настройка веб-приложения (MVP),165500.00,19,73300.00
Внедрение нагрузочного тестирования (MVP),166500.00,14,76500.00
Оптимизация системы мониторинга на основе существующего решения,167000.00,20,66400.00
Тестирование облачной инфраструктуры (POC),175000.00,15,86800.00
Оптимизация базы данных под ключ,184500.00,20,65200.00
Настройка базы данных под ключ,185500.00,14,83800.00
Проектирование базы данных с нуля,195500.00,17,80000.00
Аудит чат-бота (SaaS),200500.00,26,63800.00
Миграция системы аналитики с нуля,200500.00,18,66300.00
Развёртывание системы резервного копирования (MVP),205500.00,23,82300.00
Аудит мобильного приложения (SaaS),205500.00,18,85600.00
Тестирование платёжного модуля (SaaS),229000.00,17,105900.00
Тестирование нагрузочного тестирования (MVP),231000.00,22,75200.00
Внедрение ERP-системы (POC),249000.00,28,77100.00
Оптимизация корпоративного портала под ключ,274500.00,19,119200.00
Миграция чат-бота (SaaS),276500.00,33,78100.00
Тестирование ERP-системы (SaaS),277000.00,20,108000.00
Тестирование нагрузочного тестирования (SaaS),286500.00,28,92700.00
Тестирование микросервисной архитектуры на основе существующего решения,287000.00,31,91900.00
Тестирование системы резервного копирования (SaaS),300500.00,29,91700.00
Миграция сети доставки контента под ключ,304500.00,23,77700.00
Оптимизация веб-приложения,307500.00,38,152800.00
Развёртывание CRM-системы под ключ,320500.00,26,101600.00
Оптимизация DevOps-пайплайна на основе существующего решения,320500.00,33,146200.00
Тестирование панели администратора (Enterprise),338500.00,33,115300.00
Тестирование мобильного приложения с нуля,349500.00,44,125500.00
Миграция API-сервиса (POC),363000.00,45,131500.00
Тестирование системы мониторинга (MVP),367500.00,27,165400.00
Развёртывание веб-приложения (POC),388500.00,38,185800.00
Интеграция микросервисной архитектуры (MVP),392500.00,37,131300.00
Интеграция CRM-системы (MVP),434500.00,53,155800.00
Оптимизация системы аналитики,435500.00,35,111900.00
Оптимизация платёжного модуля (Enterprise),471000.00,56,156700.00
Развёртывание API-сервиса (POC),488000.00,44,141500.00
Проектирование облачной инфраструктуры (POC),505500.00,62,131300.00
Внедрение облачной инфраструктуры (POC),505500.00,49,182900.00
Проектирование ERP-системы (Enterprise),545500.00,62,141000.00
Интеграция ERP-системы под ключ,560500.00,69,177800.00
Интеграция ERP-системы на основе существующего решения,565000.00,64,259600.00
Разработка системы аутентификации с нуля,591500.00,74,236500.00
Миграция API-сервиса (MVP),611000.00,59,190400.00
Проектирование панели администратора,636000.00,62,223200.00
Внедрение CRM-системы (POC),702500.00,89,243800.00
Разработка веб-приложения (SaaS),708000.00,88,188700.00
Интеграция платёжного модуля (POC),728500.00,56,349300.00
Внедрение облачной инфраструктуры,732500.00,90,335900.00
Миграция панели администратора (MVP),785500.00,77,225800.00
Миграция микросервисной архитектуры на основе существующего решения,788500.00,98,210400.00
Внедрение нагрузочного тестирования под ключ,791500.00,96,287300.00
Внедрение панели администратора (POC),802000.00,86,380300.00
Миграция облачной инфраструктуры на основе существующего решения,806500.00,62,307900.00
Внедрение системы управления задачами с нуля,905000.00,85,380500.00
Интеграция системы мониторинга (SaaS),938500.00,116,289400.00
Внедрение чат-бота (POC),1054000.00,93,522900.00
Разработка платёжного модуля (POC),1193500.00,114,316800.00
Внедрение нагрузочного тестирования на основе существующего решения,1409500.00,135,387700.00
Внедрение облачной инфраструктуры (SaaS),1480500.00,186,512000.00
Разработка системы аутентификации на основе существующего решения,1533500.00,117,388600.00
Разработка системы аутентификации (POC),1786000.00,186,463900.00
Разработка CRM-системы (SaaS),1933000.00,154,731300.00
